filename,category,source_type,structure_format,word_count,content_description,cleanliness
maintaining_status_buchalter_law.txt,maintaining_status,Law firm guide,Prose paragraphs with numbered sections,1034,"F-1 status requirements, violations, reinstatement options, recent visa revocations, EB-5 pathway",clean
maintaining_status_colorado_10point.txt,maintaining_status,University ISO guide (Colorado),Headers + bulleted lists,475,"10-point checklist for maintaining F-1 status (enrollment, address updates, employment, I-20 validity, taxes)",clean
maintaining_status_dartmouth.txt,maintaining_status,University ISO guide (Dartmouth),Headers + bulleted lists,452,"Passport/I-20 requirements, full-time enrollment, work hours, grace period, address changes, consequences of status loss",clean
maintaining_status_dhs.txt,maintaining_status,Official Government (DHS),Headers + prose + bullets,1154,"Arrival procedures, classroom attendance, full course load, annual vacation, work authorization, program completion",clean
maintaining_status_full_course_exceptions.txt,maintaining_status,University ISO guide (Dartmouth),Headers + numbered steps + prose,505,"Reduced course load (RCL) exceptions: medical, undergraduate two-course load, final term",clean
maintaining_status_jasmyn_law.txt,maintaining_status,Law firm guide,Headers + bulleted lists,615,"Maintain valid docs, enrollment, DSO notifications, employment rules, travel prep, loss of status consequences",clean
maintaining_status_program_completion.txt,maintaining_status,University ISO guide (Dartmouth),Headers + prose + numbered lists,628,"Program end date determination (PhD/undergrad/master's), OPT filing window, on-campus employment expiration",clean
maintaining_status_program_extensions.txt,maintaining_status,University ISO guide (Dartmouth),Headers + numbered steps,169,"Program extension request process, DSO/advisor consultation, e-form submission, funding requirements",clean
maintaining_status_ucsb.txt,maintaining_status,University ISO guide (UCSB),Headers + prose + bulleted lists,1249,"Full course requirements, online course limits, employment rules, change of degree/major, address updates, travel",clean
maintaining_status_utdallas.txt,maintaining_status,University ISO guide (UT Dallas),Headers + bulleted lists + prose,995,"F-1 status definition, enrollment, I-20 updates, major/level changes, program extensions, dependents",clean
maintaining_status_uw_madison.txt,maintaining_status,University ISO guide (UW-Madison),Headers + prose + bulleted lists,675,"Program end date tracking, address updates, enrollment, work authorization, reinstatement/transfer options",clean
oncampus_jobs_interstride.txt,oncampus_jobs,Student blog/3rd-party (Interstride),Headers + prose + bulleted lists,917,"On-campus job eligibility (20 hrs/wk), job types, benefits, finding jobs, networking, no extra work auth needed",clean
oncampus_jobs_isoa.txt,oncampus_jobs,Student blog/3rd-party (ISOA),Headers + prose + bulleted lists,802,"On-campus job categories, finding jobs (career center, portal, networking), popular job types, rights and restrictions",clean
oncampus_jobs_shorelight.txt,oncampus_jobs,Student blog/3rd-party (Shorelight),Headers + prose + bullet points,3556,"Comprehensive F-1 employment guide: on-campus, OPT, CPT, economic hardship, tax filing, E-Verify",clean
oncampus_jobs_uw.txt,oncampus_jobs,University ISO guide (UW),Headers + prose + bulleted lists,980,"On-campus employment definition, eligibility, determining job status, work-study, finding jobs",clean
reddit_f1_while_waiting_gc.txt.txt,reddit,Reddit thread,Conversational forum thread (OP + replies),296,"Maintaining F-1 while waiting for green card interview, SEVIS active, CPT vs EAD strategy",clean (minor forum formatting)
reddit_leaving_us_advice.txt.txt,reddit,Reddit thread,Conversational forum thread (OP + replies),590,"SSN retention, bank accounts, credit history, tax residency, Google Voice, remote work abroad",clean (minor forum formatting)
reddit_reentry_experience.txt.txt,reddit,Reddit thread,Conversational forum thread (OP + replies),617,"Re-entry experiences at ports, document requirements, variation by port, secondary inspection risk",clean (minor forum formatting)
reddit_tips_incoming_students.txt.txt,reddit,Reddit thread,Conversational forum thread (OP + replies),643,"SSN, credit card, driver license, work warnings, self-educating on immigration law, OPT deadlines",clean (minor forum formatting)
reddit_travel_during_semester.txt.txt,reddit,Reddit thread,Conversational forum thread (OP + replies),485,"Family emergency travel during semester, reentry, DSO approval requirement, class absence concerns",clean (minor forum formatting)
travel_justanswer.txt.txt,travel_reentry,Student blog/3rd-party (JustAnswer),Q&A dialogue (customer/lawyer),786,"Travel during semester with gaps between classes, I-20 validity, visa requirements, CBP documentation",moderate: dialogue timestamps + 'For [user] Only' footer
travel_reentry_dartmouth.txt,travel_reentry,University ISO guide (Dartmouth),Headers + prose + bulleted lists,725,"SEVIS I-20 with valid travel signature, automatic revalidation, non-immigrant intent, visa app docs",clean
travel_reentry_dhs.txt,travel_reentry,Official Government (DHS),Headers + prose + bulleted lists,517,"Pre-travel DSO meeting, documents at port of entry, Form I-515A, pending applications, passport validity",clean
travel_reentry_georgetown.txt.txt,travel_reentry,University ISO guide (Georgetown),Headers + prose + bulleted lists,1484,"Travel checklist, travel signatures (12-mo validity), visa renewal, automatic revalidation, admin processing, grace period",clean
travel_reentry_ucsf.txt.txt,travel_reentry,University ISO guide (UCSF),Headers + prose + bulleted lists,1310,"Current travel guidance, device inspection, social media vetting, CBP inspection, OPT docs, visa renewal, I-94",clean (advisory notice on policy changes)
travel_reentry_usc_update.txt,travel_reentry,University ISO guide (USC),Headers + prose + bulleted lists,898,"Travel considerations, visa renewal, revised waiver policy, port of entry expectations, OPT/STEM OPT proof",clean (dated advisory Dec 2025)
visa_application_dartmouth.txt,visa_application,University ISO guide (Dartmouth),Headers + prose + bulleted lists,1129,"Visa appointment timing, required docs, DS-160, non-immigrant intent, fees, change of status, Canadian exemption",clean
visa_application_hacks_tips.txt.txt,visa_application,Student blog/3rd-party,Headers + prose + bulleted lists,721,"Recent F-1 trends (41% rejection), visa hacks (8-10 mo planning, DS-160 verification, financial proof), mock interviews",clean
visa_application_internationalstudent_guide.txt,visa_application,Student blog/3rd-party (InternationalStudent.com),Headers + prose + Q&A + bulleted lists,3401,"Complete F-1 process, docs, 5 interview question categories, mandatory interviews (Oct 2025), social media vetting",clean (comprehensive)
visa_application_northeastern.txt,visa_application,University ISO guide (Northeastern),Headers + prose + bulleted lists,1122,"Visa interview appointment (residence/nationality), typical docs, social media vetting, common interview questions",clean
visa_application_travel_state_gov.txt.txt,visa_application,Official Government (travel.state.gov),Headers + prose + bullets + tables,2510,"Student visa overview (F vs M), application steps, DS-160, interview prep, fees, docs, changing status, denials",clean
visa_interview_never_say.txt.txt,visa_interview,Student blog/3rd-party,Headers + prose + bulleted lists,1061,"5 things to avoid: misleading info, fake accent, rehearsed answers, one-word answers, negative body language",clean
visa_interview_questions_2025.txt.txt,visa_interview,Student blog/3rd-party,Headers + prose + bullets + Q&A,1814,"Eligibility, interview categories (study plans, university, academics, finances, post-grad), sample Qs, mock examples",clean
work_auth_dartmouth_offcampus.txt,work_auth,University ISO guide (Dartmouth),Headers + prose,97,"Off-campus employment: international organization internships, severe economic hardship criteria",clean
work_auth_dartmouth_oncampus.txt,work_auth,University ISO guide (Dartmouth),Headers + prose + bulleted lists,588,"On-campus eligibility, 20-hr limit, tax forms, I-9, grad union rules, transfer employment expiration",clean
work_auth_dartmouth_stem_opt_about.txt,work_auth,University ISO guide (Dartmouth),Headers + bulleted lists,421,"STEM OPT 24-month extension eligibility, E-Verify requirement, I-983 training plan, volunteer/unpaid ineligibility",clean
work_auth_dartmouth_stem_opt_apply.txt,work_auth,University ISO guide (Dartmouth),Headers + numbered steps + prose,526,"STEM OPT application (90 days before, timely filing protection, I-983, I-765), premium processing",clean
work_auth_dartmouth_stem_opt_reporting.txt,work_auth,University ISO guide (Dartmouth),Headers + bulleted lists + prose,444,"STEM OPT reporting (10 days for changes), 6-month validation, 12/24-month self-evaluations, employer changes",clean
work_auth_dartmouth_stem_opt_types.txt,work_auth,University ISO guide (Dartmouth),Headers + bulleted lists + prose,282,"STEM OPT employment: 20 hrs/wk min, E-Verify employer, bona fide relationship, staffing agencies, 150-day unemployment cap",clean
work_auth_dartmouth_volunteer.txt,work_auth,University ISO guide (Dartmouth),Headers + prose,206,"Volunteer/unpaid internships must comply with labor law, DOL legitimacy criteria, employer consultation",clean
work_auth_dhs_working.txt,work_auth,Official Government (DHS),Headers + prose + bulleted lists,516,"Work authorization overview, on-campus (20 hrs/wk), off-campus (hardship after 1 yr), DSO reporting, SSN",clean
work_auth_ice_sevis.txt,work_auth,Official Government (ICE/SEVIS),Headers + Q&A FAQ format,4528,"On/off-campus employment FAQs, commercial entities, affiliated locations, work hours, grace period, CPT/OPT basics",clean (dense FAQ)
work_auth_internationalstudent_working.txt,work_auth,Student blog/3rd-party (InternationalStudent.com),Headers + prose + bulleted lists,2365,"5 employment categories: on-campus, OPT, CPT, economic hardship, intl org; STEM extension, taxes",clean
work_auth_internationalstudentloan.txt,work_auth,Student blog/3rd-party (InternationalStudentLoan.com),Headers + prose + bulleted lists,1359,"5 employment types overview, on-campus, OPT (pre/post), CPT, severe hardship, intl org; STEM, F-2 dependents",clean
work_auth_opt_vs_cpt_student_guide.txt,work_auth,Student blog/3rd-party (StudentSucceed),Headers + prose + Q&A,958,"CPT vs OPT comparison, when to use each, common mistakes, STEM extension, FAQs on unpaid internships/timing",clean (conversational)
work_auth_uscis.txt,work_auth,Official Government (USCIS),Headers + prose + bulleted lists,594,"F-1/M-1 visa overview, employment categories (CPT/OPT/STEM OPT), work restrictions, SSN, resources",clean
youtube_how_to_apply_f1_j1.txt.txt,youtube,YouTube transcript,Spoken transcript (run-on, minimal headers),6260,"Step-by-step F-1 process: admission, I-20, SEVIS fee, DS-160 walkthrough, appointment booking, document checklist",artifacts: [music] [snorts] markers, run-on sentences
youtube_visa_interview_2026.txt.txt,youtube,YouTube transcript,Spoken transcript (run-on, minimal structure),2248,"15 common F-1 interview questions with sample answers, new 2025 questions, strategy, STEM/healthcare example",artifacts: [music] markers, conversational filler
Employment-Options-Handout-Merged.pdf,work_auth,University handout (PDF),PDF - needs pdfplumber extraction,unknown,"Employment options handout (on-campus/CPT/OPT/STEM/hardship) - merged PDF, not yet text-extracted",PDF (digitally created - extract with pdfplumber in M3)
